{
    "loss": 4.395577430725098,
    "accuracy": 0.818965494632721
}