{
    "loss": 1.7427111864089966,
    "accuracy": 0.9224137663841248
}